window,venue,group,n,hits,dl,dl_pct,hit_pct
2016-2020,ASOC,Mixed journals,3386,196,155,4.57767277023036,5.788541051388068
2016-2020,CEC,Core EC conferences,2280,72,14,0.6140350877192983,3.1578947368421053
2016-2020,CIM,Mixed journals,115,9,5,4.3478260869565215,7.82608695652174
2016-2020,ECJ,Core EC journals,125,4,0,0.0,3.2
2016-2020,EMO,Core EC conferences,105,0,0,0.0,0.0
2016-2020,ESWA,Mixed journals,3338,283,243,7.2798082684242065,8.47813061713601
2016-2020,EUROGP,Core EC conferences,96,3,0,0.0,3.125
2016-2020,EVOAPP,Core EC conferences,291,8,1,0.3436426116838488,2.7491408934707904
2016-2020,EVOCOP,Core EC conferences,72,0,0,0.0,0.0
2016-2020,EVOINT,Core EC journals,127,2,2,1.574803149606299,1.574803149606299
2016-2020,FOGA,Core EC conferences,28,0,0,0.0,0.0
2016-2020,GECCO,Core EC conferences,1985,88,6,0.30226700251889166,4.433249370277078
2016-2020,GPEM,Core EC journals,97,2,0,0.0,2.0618556701030926
2016-2020,ICSI,Core EC conferences,694,26,19,2.7377521613832854,3.7463976945244957
2016-2020,IJBIC,Mixed journals,211,3,2,0.9478672985781991,1.4218009478672986
2016-2020,INS,Mixed journals,3891,166,147,3.7779491133384733,4.2662554613209975
2016-2020,JOH,Mixed journals,151,0,0,0.0,0.0
2016-2020,MEMETIC,Core EC journals,130,0,0,0.0,0.0
2016-2020,NATCOMP,Mixed journals,253,1,1,0.3952569169960474,0.3952569169960474
2016-2020,PPSN,Core EC conferences,273,8,2,0.7326007326007326,2.93040293040293
2016-2020,SOFTCOMP,Mixed journals,161,6,3,1.8633540372670807,3.7267080745341614
2016-2020,SSCI,SSCI (mixed conf.),2174,242,200,9.19963201471941,11.131554737810488
2016-2020,SWARMINT,Core EC journals,62,0,0,0.0,0.0
2016-2020,SWEVC,Core EC journals,520,8,0,0.0,1.5384615384615385
2016-2020,TETCI,Mixed journals,181,30,24,13.259668508287293,16.574585635359114
2016-2020,TEVC,Core EC journals,347,5,0,0.0,1.440922190201729
2021-2023,ACMTELO,Core EC journals,44,2,0,0.0,4.545454545454546
2021-2023,ASOC,Mixed journals,2969,639,471,15.863927248231727,21.522398113843046
2021-2023,CEC,Core EC conferences,688,56,8,1.1627906976744187,8.13953488372093
2021-2023,CIM,Mixed journals,71,17,8,11.267605633802818,23.943661971830984
2021-2023,ECJ,Core EC journals,46,1,0,0.0,2.1739130434782608
2021-2023,EMO,Core EC conferences,105,5,1,0.9523809523809524,4.761904761904762
2021-2023,ESWA,Mixed journals,5694,1380,1156,20.302072356866876,24.236037934668072
2021-2023,EUROGP,Core EC conferences,58,4,0,0.0,6.896551724137931
2021-2023,EVOAPP,Core EC conferences,148,14,3,2.027027027027027,9.45945945945946
2021-2023,EVOCOP,Core EC conferences,42,0,0,0.0,0.0
2021-2023,EVOINT,Core EC journals,442,49,32,7.239819004524888,11.085972850678733
2021-2023,FOGA,Core EC conferences,25,0,0,0.0,0.0
2021-2023,GECCO,Core EC conferences,1419,122,7,0.49330514446793516,8.597603946441156
2021-2023,GPEM,Core EC journals,58,4,0,0.0,6.896551724137931
2021-2023,ICSI,Core EC conferences,116,10,7,6.0344827586206895,8.620689655172415
2021-2023,IJBIC,Mixed journals,128,14,9,7.03125,10.9375
2021-2023,INS,Mixed journals,3975,521,451,11.345911949685535,13.106918238993712
2021-2023,JOH,Mixed journals,72,0,0,0.0,0.0
2021-2023,MEMETIC,Core EC journals,77,5,2,2.5974025974025974,6.493506493506493
2021-2023,NATCOMP,Mixed journals,134,3,1,0.7462686567164178,2.2388059701492535
2021-2023,PPSN,Core EC conferences,85,9,2,2.3529411764705883,10.588235294117647
2021-2023,SOFTCOMP,Mixed journals,202,22,18,8.91089108910891,10.891089108910892
2021-2023,SSCI,SSCI (mixed conf.),882,189,160,18.140589569160998,21.428571428571427
2021-2023,SWARMINT,Core EC journals,37,0,0,0.0,0.0
2021-2023,SWEVC,Core EC journals,458,12,0,0.0,2.6200873362445414
2021-2023,TETCI,Mixed journals,343,91,78,22.740524781341108,26.53061224489796
2021-2023,TEVC,Core EC journals,354,34,0,0.0,9.6045197740113
2021-2025,ACMTELO,Core EC journals,93,5,0,0.0,5.376344086021505
2021-2025,ASOC,Mixed journals,5581,1433,1106,19.817237054291343,25.67640207848056
2021-2025,CEC,Core EC conferences,1234,127,25,2.025931928687196,10.291734197730957
2021-2025,CIM,Mixed journals,129,33,16,12.4031007751938,25.581395348837212
2021-2025,ECJ,Core EC journals,73,2,0,0.0,2.73972602739726
2021-2025,EMO,Core EC conferences,143,8,2,1.3986013986013985,5.594405594405594
2021-2025,ESWA,Mixed journals,12650,3564,3002,23.731225296442688,28.17391304347826
2021-2025,EUROGP,Core EC conferences,86,9,0,0.0,10.465116279069768
2021-2025,EVOAPP,Core EC conferences,267,29,4,1.4981273408239701,10.861423220973784
2021-2025,EVOCOP,Core EC conferences,70,0,0,0.0,0.0
2021-2025,EVOINT,Core EC journals,793,106,67,8.448928121059268,13.366960907944513
2021-2025,FOGA,Core EC conferences,51,0,0,0.0,0.0
2021-2025,GECCO,Core EC conferences,2460,256,19,0.7723577235772358,10.40650406504065
2021-2025,GPEM,Core EC journals,93,9,0,0.0,9.67741935483871
2021-2025,ICSI,Core EC conferences,263,32,19,7.224334600760455,12.167300380228136
2021-2025,IJBIC,Mixed journals,222,37,18,8.108108108108109,16.666666666666664
2021-2025,INS,Mixed journals,6284,889,759,12.078294080203692,14.14704010184596
2021-2025,JOH,Mixed journals,124,2,0,0.0,1.6129032258064515
2021-2025,MEMETIC,Core EC journals,157,18,10,6.369426751592357,11.464968152866243
2021-2025,NATCOMP,Mixed journals,236,7,3,1.2711864406779663,2.9661016949152543
2021-2025,PPSN,Core EC conferences,186,14,3,1.6129032258064515,7.526881720430108
2021-2025,SOFTCOMP,Mixed journals,326,38,30,9.202453987730062,11.65644171779141
2021-2025,SSCI,SSCI (mixed conf.),882,189,160,18.140589569160998,21.428571428571427
2021-2025,SWARMINT,Core EC journals,62,1,0,0.0,1.6129032258064515
2021-2025,SWEVC,Core EC journals,1171,46,6,0.5123825789923143,3.928266438941076
2021-2025,TETCI,Mixed journals,1000,304,259,25.900000000000002,30.4
2021-2025,TEVC,Core EC journals,729,74,3,0.411522633744856,10.150891632373114
