scope,year,n,method_dev,propose_new,improve,hybrid,apply,theory,benchmark,review,other
target_nonempty,1991,48,26,9,11,6,10,7,2,2,1
target_nonempty,1994,61,39,14,18,7,7,10,5,0,0
target_nonempty,1995,8,3,0,2,1,1,0,2,2,0
target_nonempty,1996,115,64,27,28,9,22,17,7,5,0
target_nonempty,1997,147,65,46,14,5,28,17,2,8,27
target_nonempty,1998,283,148,71,61,16,29,50,12,8,36
target_nonempty,1999,178,69,51,11,7,23,40,1,7,38
target_nonempty,2000,559,284,147,88,49,136,69,23,11,36
target_nonempty,2001,489,236,117,82,37,116,69,20,16,32
target_nonempty,2002,700,382,205,111,66,169,67,29,14,39
target_nonempty,2003,999,523,278,164,81,249,129,28,13,57
target_nonempty,2004,1182,600,291,220,89,303,141,46,16,76
target_nonempty,2005,1717,675,294,278,103,409,156,53,87,337
target_nonempty,2006,1737,721,350,257,114,396,160,44,83,333
target_nonempty,2007,3070,1404,747,438,219,755,234,70,142,465
target_nonempty,2008,2696,1243,658,365,220,724,189,61,94,385
target_nonempty,2009,3885,1767,985,441,341,1226,205,104,127,456
target_nonempty,2010,3312,1568,834,462,272,934,191,101,109,409
target_nonempty,2011,5090,2511,1480,587,444,1550,261,114,153,501
target_nonempty,2012,3996,1931,1090,537,304,1183,206,130,155,391
target_nonempty,2013,3738,2096,1185,579,332,986,249,125,91,191
target_nonempty,2014,4150,2409,1453,652,304,982,272,117,107,263
target_nonempty,2015,3811,2293,1364,620,309,914,211,131,86,176
target_nonempty,2016,4233,2686,1658,707,321,934,230,119,85,179
target_nonempty,2017,3686,2340,1422,631,287,839,173,112,75,147
target_nonempty,2018,4082,2625,1653,648,324,860,205,142,96,154
target_nonempty,2019,4504,3097,1994,737,366,812,199,153,105,138
target_nonempty,2020,4587,3170,2119,727,324,830,208,140,127,112
target_nonempty,2021,5850,4106,2894,773,439,1109,195,177,130,133
target_nonempty,2022,6216,4442,3227,808,407,1126,204,183,125,136
target_nonempty,2023,6605,4824,3650,729,445,1117,186,170,145,163
target_nonempty,2024,8557,6560,5222,827,511,1219,190,179,221,188
target_nonempty,2025,8136,6489,5367,647,475,999,198,184,171,95
core_nonempty,1991,48,26,9,11,6,10,7,2,2,1
core_nonempty,1994,61,39,14,18,7,7,10,5,0,0
core_nonempty,1996,103,54,25,24,5,21,17,7,4,0
core_nonempty,1997,24,10,5,4,1,8,4,0,2,0
core_nonempty,1998,114,72,21,38,13,10,21,7,3,1
core_nonempty,1999,20,11,8,1,2,6,1,0,2,0
core_nonempty,2000,419,225,104,79,42,109,49,21,6,9
core_nonempty,2001,346,179,82,66,31,90,50,15,8,4
core_nonempty,2002,527,291,143,95,53,138,54,29,8,7
core_nonempty,2003,803,444,230,145,69,218,99,23,9,10
core_nonempty,2004,852,476,207,201,68,213,104,43,9,7
core_nonempty,2005,1007,550,216,255,79,249,128,45,17,18
core_nonempty,2006,986,559,233,232,94,253,120,34,7,13
core_nonempty,2007,1411,827,383,312,132,337,125,49,39,34
core_nonempty,2008,1273,782,353,299,130,292,118,49,12,20
core_nonempty,2009,1166,668,292,269,107,270,117,70,15,26
core_nonempty,2010,1340,785,335,337,113,323,106,76,22,28
core_nonempty,2011,1232,709,314,277,118,294,112,55,36,26
core_nonempty,2012,1409,825,384,331,110,327,101,85,32,39
core_nonempty,2013,1237,764,334,320,110,266,93,77,21,16
core_nonempty,2014,1249,806,376,331,99,226,109,57,35,16
core_nonempty,2015,1378,822,364,339,119,300,105,81,24,46
core_nonempty,2016,1597,1013,487,406,120,349,110,70,31,24
core_nonempty,2017,1184,737,338,311,88,231,88,63,36,29
core_nonempty,2018,1471,904,436,345,123,298,101,94,32,42
core_nonempty,2019,1590,1056,529,372,155,278,96,102,35,23
core_nonempty,2020,1390,909,459,338,112,245,100,79,42,15
core_nonempty,2021,1345,882,469,293,120,250,78,84,34,17
core_nonempty,2022,1530,1035,575,336,124,242,98,108,29,18
core_nonempty,2023,1326,914,539,259,116,189,86,96,27,14
core_nonempty,2024,1810,1290,785,345,160,245,99,106,46,24
core_nonempty,2025,1919,1428,970,290,168,197,98,136,48,12
ec_nonempty,1991,48,26,9,11,6,10,7,2,2,1
ec_nonempty,1994,61,39,14,18,7,7,10,5,0,0
ec_nonempty,1995,2,1,0,0,1,0,0,1,0,0
ec_nonempty,1996,105,55,25,24,6,21,17,7,5,0
ec_nonempty,1997,37,17,8,5,4,12,6,0,2,0
ec_nonempty,1998,130,86,27,44,15,12,21,7,3,1
ec_nonempty,1999,28,15,10,2,3,9,1,0,3,0
ec_nonempty,2000,436,236,110,80,46,112,50,22,6,10
ec_nonempty,2001,375,200,88,77,35,94,51,17,9,4
ec_nonempty,2002,549,304,146,99,59,144,56,29,9,7
ec_nonempty,2003,833,467,239,150,78,223,100,24,9,10
ec_nonempty,2004,878,495,219,203,73,219,104,43,10,7
ec_nonempty,2005,1035,564,220,257,87,260,128,45,20,18
ec_nonempty,2006,1028,578,240,235,103,268,121,37,11,13
ec_nonempty,2007,1647,969,440,352,177,407,133,54,47,37
ec_nonempty,2008,1410,869,387,314,168,328,119,52,20,22
ec_nonempty,2009,1538,918,390,326,202,376,119,76,22,27
ec_nonempty,2010,1647,1002,412,386,204,398,108,85,25,29
ec_nonempty,2011,1978,1219,505,421,293,491,120,71,50,27
ec_nonempty,2012,1887,1140,511,418,211,456,107,95,45,44
ec_nonempty,2013,1841,1186,497,454,235,403,104,94,34,20
ec_nonempty,2014,1878,1241,540,481,220,368,121,77,54,17
ec_nonempty,2015,1998,1294,548,502,244,407,110,102,38,47
ec_nonempty,2016,2275,1511,695,573,243,488,122,87,42,25
ec_nonempty,2017,1874,1269,558,498,213,355,93,80,48,29
ec_nonempty,2018,2094,1383,633,507,243,412,110,105,42,42
ec_nonempty,2019,2288,1615,783,562,270,386,104,114,46,23
ec_nonempty,2020,2146,1532,747,555,230,339,107,99,53,16
ec_nonempty,2021,2262,1645,812,544,289,358,90,106,44,19
ec_nonempty,2022,2323,1705,904,548,253,331,107,125,36,19
ec_nonempty,2023,2246,1703,956,473,274,289,93,108,38,15
ec_nonempty,2024,2703,2086,1271,526,289,311,107,119,56,24
ec_nonempty,2025,2548,2004,1336,407,261,240,100,141,51,12
historical_notnull,1990,1,0,0,0,0,1,0,0,0,0
historical_notnull,1991,64,33,10,17,6,15,9,2,2,3
historical_notnull,1992,59,30,8,17,5,10,12,2,1,4
historical_notnull,1994,61,39,14,18,7,7,10,5,0,0
historical_notnull,1995,8,3,0,2,1,1,0,2,2,0
historical_notnull,1996,144,79,32,36,11,30,18,11,6,0
historical_notnull,1997,147,65,46,14,5,28,17,2,8,27
historical_notnull,1998,283,148,71,61,16,29,50,12,8,36
historical_notnull,1999,180,69,51,11,7,23,40,1,8,39
historical_notnull,2000,560,284,147,88,49,136,70,23,11,36
historical_notnull,2001,496,236,117,82,37,116,69,20,19,36
historical_notnull,2002,702,382,205,111,66,169,67,29,14,41
historical_notnull,2003,1041,539,283,174,82,256,137,29,17,63
historical_notnull,2004,1214,611,296,225,90,313,143,49,17,81
historical_notnull,2005,1725,677,295,279,103,410,158,54,88,338
historical_notnull,2006,1747,726,351,261,114,398,163,44,83,333
historical_notnull,2007,3078,1405,748,438,219,756,234,70,144,469
historical_notnull,2008,2704,1243,658,365,220,725,190,61,98,387
historical_notnull,2009,3905,1769,985,442,342,1226,206,107,133,464
historical_notnull,2010,3329,1570,835,462,273,935,192,101,110,421
historical_notnull,2011,5108,2512,1480,588,444,1550,262,114,155,515
historical_notnull,2012,4019,1931,1090,537,304,1183,206,131,160,408
historical_notnull,2013,3777,2100,1185,582,333,989,250,125,104,209
historical_notnull,2014,4209,2420,1454,662,304,986,278,118,126,281
historical_notnull,2015,3845,2299,1368,621,310,915,211,131,100,189
historical_notnull,2016,4288,2698,1662,714,322,935,231,119,99,206
historical_notnull,2017,3721,2342,1423,632,287,839,174,112,89,165
historical_notnull,2018,4131,2630,1655,651,324,860,206,143,119,173
historical_notnull,2019,4536,3102,1995,741,366,812,200,154,118,150
historical_notnull,2020,4637,3172,2120,728,324,831,211,141,157,125
historical_notnull,2021,5903,4115,2897,778,440,1112,196,178,147,155
historical_notnull,2022,6261,4451,3230,813,408,1127,204,184,140,155
historical_notnull,2023,6656,4838,3655,738,445,1118,187,172,163,178
historical_notnull,2024,8610,6578,5229,834,515,1221,192,180,237,202
historical_notnull,2025,8171,6510,5374,658,478,1000,198,184,175,104
